"before","after"
60.0389720918611,56.1533545192031
58.5669400263578,55.6780464561035
62.2003203211352,63.0105970018459
68.5222634812817,64.4133534833384
54.8024651547894,52.1100317792108
55.4376366781071,51.3307422058819
64.7000729292631,62.0477265780851
65.0309174600989,61.1576529250368
